EP735;EP698;EP700;EP701;EP702;EP722;EP708;EP708S1;EP709;EP710;EP711;EP712;EP713;EP714;EP715;EP716;DIRECTORIO_GEIH;HOGAR_GEIH;ORDEN_PERSONA_GEIH
7;2;1;NO EXIGIR EXPERIENCIA LABORAL;6;1;1;644000;2;2;3;2;2;3;1;3;3748156;1;1
1;6;2;;6;2;1;400000;2;1;2;1;2;10;1;3;3748165;1;3
5;2;1;MAS OPORTUNIDADES LABORALES SIN REQUICITOS DE EXPERIENCIA;3;2;1;635000;2;2;6;1;1;2;1;3;3748258;1;2
3;2;1;UNA AGENCIA DE EMPLEO DONDE UBIQUEN A JOVENES SIN EXPERIENCIA LABORAL PARA QUE ALLI LA ADQUIERAN Y ASI OBTENGAN EXPERINCIA LABORAL;6;2;1;635000;2;2;200;100;1;3;1;3;3748260;1;2
6;2;1;BAJAR LOS IMPUESTOS A LAS EMPRESAS;3;2;1;644350;2;2;2;1;2;3;1;3;3748267;1;4
5;2;1;IMPLEMENTAR LEYES PARA EL BENEFICIO DE LA GENTE SIN EXPERIENCIA LABORAL;5;1;1;800000;2;2;2;1;2;3;1;3;3748348;2;1
5;2;2;;3;2;1;644350;1;1;50;8;2;3;1;3;3748349;1;5
5;2;1;MAS OPORTUNIDAD PARA TRABAJAR SIN EXIGIR EXPERIENCIA;3;2;1;700000;2;2;10;3;1;3;1;2;3748352;1;2
5;2;1;MAS OPORTUNIDAD A LAS PERSONAS DISCAPACITADAS;6;2;1;644350;2;1;1;1;1;10;1;3;3748521;1;1
4;2;1;Creando portales de empleo;3;2;1;644000;2;2;1;1;1;4;1;8;3748524;1;3
5;3;1;Evitar la condicion de ingreso a trabajo sin experiencia por parte de las empresas;3;2;1;530000;2;2;1;2;2;3;2;3;3748548;1;4
5;1;1;CREDITOS A JOVENES PARA INICIAR SU PROPIO NEGOCIO Y FOMENTAR TECNOLOGIAS EN LOS COLEGIOS;6;2;1;1200000;2;2;4;4;1;3;2;7;3748856;1;3
3;2;1;INYECTAR MAS CAPITAL PARA CREAR MAS EMPRESAS;5;2;1;645000;1;2;5;1;2;4;1;3;3748924;1;2
5;3;1;GENERAR MAS OPCIONES LABORALES;3;2;1;700000;2;2;10;1;2;4;1;2;3748963;1;4
1;2;2;;3;1;1;300000;2;2;1;1;1;2;2;3;3748994;1;3
5;2;2;;2;2;1;600000;2;2;10;1;1;5;1;3;3749011;1;3
1;2;1;CREACION DE NUEVAS EMPRESAS EN LA FRONTERA;3;1;1;644350;2;2;5;2;1;3;1;4;3749661;1;4
1;6;2;;1;2;1;600000;2;2;20;10;1;7;1;2;3749679;1;1
6;2;1;TENER EN CUENTA A PERSONAS SIN EXPERIENCIA PREVIA;4;2;1;400000;1;2;3;3;1;3;1;3;3749698;1;2
6;1;1;GENERAR INDUSTRIA O INVERTIR EN PROYECTOS QUE GENEREN EMPLEO PARA LA REGION;4;2;1;1000000;2;2;5;1;1;3;1;4;3749699;1;5
3;1;1;FOMENTAR EMPRESAS O MAS INSTITUCIONES QUE GENEREN EMPLEO;7;2;1;450000;2;2;15;10;1;3;1;3;3749742;1;2
3;2;1;RESTRICCIONES EN LA ADJUDICACION DE PRACTICANES;6;2;1;600000;2;2;1;1;1;4;1;3;3749756;1;3
4;2;1;RESTRICCION DE INVERSION EXTRANJERA;4;1;1;3500000;1;2;1;1;1;5;1;4;3749756;1;4
5;3;1;QUE HAYA MAS EMPRESAS PARA JOVENES Y QUE TODO SEA GANADO POR MERITO PROPIO;3;2;1;600000;2;2;1;1;1;2;1;2;3750096;1;1
5;3;2;;3;2;1;1500000;2;2;1;1;1;3;1;4;3750100;1;2
1;2;1;SI DANDO RAPIDEZ A ENTREGA DE TARJETA MILITAR;6;2;1;644000;2;2;99;40;1;10;1;1;3750115;1;4
3;2;1;CREAR OPORTUNIDADES DE TRABAJO PARA PERSONAS SIN EXPERIENCIA;7;2;1;644350;2;2;10;1;2;3;2;3;3750173;1;3
3;2;1;QUE NO NECESITE EXPERIENCIA LABORAL PARA TRABAJAR Y NO OBSTACULIZAR EL TRABAJO POR SER MADRE;3;1;1;644350;2;2;30;7;1;3;1;2;3750245;1;3
3;2;2;;4;1;1;700000;2;2;7;7;1;7;2;2;3750262;1;2
1;2;2;;7;2;1;640000;2;2;1;1;1;9;2;1;3750283;1;3
1;2;1;Comunicar mas las ofertas laborales;6;2;1;800000;2;2;15;6;1;2;2;2;3750291;1;3
3;2;1;OPORTUNIDAD DE PRIMER EMPLEO;3;1;1;644000;2;2;15;4;2;3;2;2;3750304;1;3
1;2;1;CAPACITACION DIRECTAD CON LAS EMPRESAS;4;2;1;700000;2;2;5;3;2;9;1;2;3750314;1;4
3;2;1;GENERAR MAS EMPRESA;2;1;1;600000;2;2;1;1;2;3;1;3;3750347;1;2
5;2;1;DARLE MAS OPORTUNIDAD  A LOS JOVENES;2;2;1;650000;2;2;1;1;2;2;2;3;3750349;1;1
5;2;2;;4;1;1;650000;2;2;100;12;1;2;1;3;3750361;1;2
1;2;1;PROMOVER A LAS  EMPRESAS QUE TENGAN UN PROGRAMA PARA ADQUIRIR EXPERIENCIA LABORAL;5;1;1;500000;1;2;4;1;1;3;1;3;3750385;1;3
2;2;1;DEBERIAN ORGANIZAR FERIA DE EMPLEO;4;2;1;550000;2;2;4;1;2;2;1;4;3750498;1;3
7;6;1;CAPACITAR MAS A LAS PERSONAS;1;2;1;750000;2;2;3;1;1;1;2;3;3750511;1;3
3;2;1;DECIR O INDICAR A LOS JOVENES DONDE HAY MAS FUENTE DE TRABAJO Y CAPACITALOS EN ESA AREA;5;2;1;500000;2;2;7;1;1;4;1;3;3750518;1;4
1;2;1;MAS EMPLEO PARA JOVENES SIN EXPERIENDAS;7;1;1;500000;2;2;10;1;1;3;1;3;3750539;1;5
5;5;2;;6;2;1;100000;1;1;8;3;1;3;1;3;3750548;1;3
1;2;2;;3;1;1;644000;2;2;1;1;2;2;1;4;3750556;1;4
2;2;1;Abrir mas convocatorias para los estudiantes adquirir experiencia;4;2;1;500000;2;2;6;1;1;4;1;4;3750743;1;3
5;3;2;;2;2;1;652000;2;2;1;1;1;1;1;3;3750767;1;3
1;2;1;INVERSION EN EDUCACION EN GENERACION DE EMPLEOS;2;1;1;1000000;1;2;3;2;1;3;1;3;3750819;1;2
5;2;1;Que la empresa o empleador pague los examenes;2;2;1;644350;2;2;10;2;2;2;1;1;3750833;1;3
3;2;1;No exigir tanta experiencia en el entorno laboral;5;2;1;500000;2;2;1;1;1;3;1;3;3750852;1;1
6;3;1;Mas oportunidad para gente sin experiencia laboral;3;2;1;600000;2;2;2;3;2;3;1;3;3750867;1;4
3;2;1;Capacitar a jovenrs para trabajar;3;1;1;644350;1;1;12;1;1;3;1;3;3750867;1;5
1;2;2;;3;1;1;500000;2;2;3;2;2;4;2;1;3750917;1;5
4;2;1;MAS OPORTUNIDADES DE TRABAJO;3;2;1;644000;2;2;8;4;2;4;1;3;3750995;1;2
3;2;2;;5;2;1;400000;2;2;6;2;1;2;1;3;3751075;1;2
5;2;1;GENERAR FUENTES DE EMPLEO;4;2;1;350000;2;2;15;8;1;5;1;2;3751082;1;2
3;2;1;MAS EMPRESAS EN EL SECTOR;4;2;1;644000;2;2;4;1;1;2;2;3;3751104;1;3
2;2;1;MAS FUENTES DE EMPLEOS;3;2;1;400000;2;2;1;1;1;5;1;4;3751106;1;3
3;2;1;Generar mas empleo a los estudiantes;2;2;1;200000;2;1;3;1;2;3;1;3;3751110;1;4
2;2;1;GENERANDO MAS EMPLEOS;3;2;1;615000;2;2;1;1;1;2;1;3;3751163;1;2
5;2;1;REDUCIR LA EXPERIENCIA LABORAL DE LOS ASPIRANTES A LOS CARGOS;4;2;1;634350;2;2;15;1;1;3;1;3;3751192;1;3
3;2;1;CONVOCATORIAS;5;1;1;600000;2;2;99;50;1;3;1;7;3751202;1;3
1;2;2;;7;2;1;644350;2;2;5;2;2;4;1;2;3751257;1;6
6;3;1;Mas capacitacion y generar mas vacantes;2;2;1;642000;2;1;1;1;1;2;1;3;3751312;1;3
6;3;1;Promover los cambios en las empresas para los jovenes;5;2;1;1500000;2;1;1;1;1;3;1;3;3751328;1;3
3;3;1;Que haya mas igualdad en la contratacion sin roscas;6;1;1;400000;2;2;1;1;2;10;1;2;3751356;1;2
6;2;2;;4;1;1;650000;1;1;4;2;1;4;1;2;3751362;1;2
2;2;2;;4;1;1;650000;2;2;6;6;1;3;1;2;3751362;2;2
4;2;2;;2;2;1;250000;2;2;4;1;2;3;1;3;3751378;1;3
3;2;1;Crear bolsas de empleo solo para jovenes y mas caoacitaciones;4;2;1;120000;2;1;15;1;1;5;1;2;3751395;1;8
5;2;1;Generar mas empleo;4;2;1;642000;1;2;3;3;2;3;1;4;3751406;1;4
3;2;1;Crear mas fuentes de empleo;6;2;1;642000;2;1;1;1;1;2;1;2;3751419;1;2
6;2;1;Publicar avisos o convocatorias para generar empleo;3;2;1;644000;2;2;2;99;2;3;1;3;3751440;1;4
7;2;1;Que el acceso al mercado laboral sea sin exigir tanta experiencia en los jovenes;2;1;1;200000;2;2;3;3;2;2;1;2;3751454;1;3
4;2;1;Generar mas empleo en el sector turistico;6;2;1;642000;2;2;1;1;1;10;1;2;3751466;1;5
5;3;1;Crear mas fuentes de empleo;2;2;1;642000;1;2;5;1;2;2;1;2;3751468;1;1
7;2;1;EXIGIR A LAS EMPRESAS LA FACILIDAD DE  ESTUDIAR Y TRABAJAR;5;1;1;700000;1;1;15;2;2;10;1;5;3751486;1;3
3;2;2;;3;2;1;644350;2;2;20;5;2;3;2;3;3751493;1;3
5;3;2;;4;2;1;1500000;2;2;5;1;1;7;2;2;3751527;1;1
5;2;1;DANDO MAS OPORTUNIDADES DE TRABAJO;4;1;1;645000;1;2;20;3;1;7;1;3;3751527;1;2
3;2;1;CAPACITACION;4;2;1;350000;2;2;4;1;1;2;1;1;3751532;1;8
3;2;1;MAS OPORTUNIDADES LABORALES;2;2;1;800000;2;2;15;1;2;7;1;3;3751543;1;2
6;2;1;MAYOR PUBLICIDAD CONVOCATORIA Y MAS CARGOS POR CONCURSO  CARGOS PARA RECIEN EGRESADOS;5;2;1;1000000;2;2;2;1;1;2;1;4;3751560;1;4
6;2;1;MAS ACCESIBILIDAD PARA ESTRATOS ALTOS;5;2;1;900000;2;2;300;150;2;10;1;3;3751597;1;2
7;2;2;;3;2;1;645000;2;2;3;1;2;7;1;4;3751609;1;4
5;2;1;MAS OFERTAS QUE INCLUYAN A PERSONAS JOVENES;3;1;1;600000;2;2;10;3;2;5;1;3;3751623;1;4
3;5;1;NO EXIGIR LIBRETA;2;2;1;500000;2;2;1;1;1;10;2;3;3751627;1;2
5;2;1;CONVENIOS CON LAS EMPRESAS PRIVADAS;2;2;1;644350;2;2;20;1;2;3;1;3;3751643;1;2
5;2;1;FACILITAR EL ACCESO LABORAL SIN TANTOS REQUISITOS;3;2;1;644350;2;2;8;1;1;2;1;3;3751659;1;3
5;2;1;INCENTIVAR LA CREACION DE EMPRESAS;3;2;1;1000000;2;2;100;50;1;3;1;4;3751705;1;3
5;2;1;GENERAR MAS EMPLEOS PARA TODAS LAS CARRERAS;4;2;1;644350;2;2;2;1;2;3;1;3;3751737;1;3
5;2;2;;4;1;1;900000;2;2;6;3;1;7;1;7;3751910;1;2
5;2;2;;2;2;1;1200000;2;2;2;1;2;4;1;3;3751921;1;5
6;2;1;REASIGNAR RECURSOS PARA MEJORAR EL FACIL ACCESO AL EMPLEO DE LOS JOVENES SIN EXPERIENCIA LABORAL;3;1;1;400000;2;2;4;1;1;2;1;2;3751978;1;2
3;3;1;GENERAR MAS PUESTOS;2;1;1;800000;2;2;5;2;2;7;1;3;3752243;1;1
5;2;1;DANDOLE MAYORES OPORTUNIDADES A LOS JOVENES;3;1;1;644350;2;2;20;5;2;4;1;2;3752306;1;4
3;2;2;;6;2;1;644350;2;2;3;1;2;4;1;3;3752328;1;2
1;2;1;AUMENTAR RECURSOS PARA LA CIUDADANIA;5;2;1;644350;2;2;1;1;1;4;1;3;3752439;1;3
5;3;2;;3;2;1;644350;2;2;1;1;1;8;1;3;3752440;1;1
6;2;1;GENERAR MAS PUESTOS DE TRABAJO;3;2;1;644350;2;2;5;1;2;3;1;3;3752455;1;3
4;2;1;IMPLEMENTAR LA LEY DEL PRIMER EMPLEO;2;2;1;644350;2;2;10;1;1;4;1;3;3752731;1;3
5;3;1;SE ABRAN MAS CONVOCATORIAS DE EMPLEO;3;1;1;450000;2;2;1;1;1;2;1;3;3752732;1;3
3;3;1;QUE HABRAN MAS CONVOCATORIAS DE EMPLEO;2;2;1;300000;1;2;1;2;1;4;1;3;3752737;1;1
5;4;1;QUE HAYA UNA NORMA PARA QUE LAS EMPRESAS NO EXIJAN TANTOS REQUISITOS PARA TRABAJAR;1;1;1;300000;1;1;1;1;1;9;2;2;3752743;1;2
7;2;1;CREAR MAS BANCOS DE HOJAS DE VIDA;2;2;1;644350;2;2;1;1;1;1;1;3;3752750;1;2
5;2;2;;6;2;1;700000;2;2;20;3;2;7;1;3;3752877;1;1
5;2;1;CREAR NUEVAS CONVOCATORIAS;4;1;1;650000;2;2;3;2;1;4;1;3;3753160;1;3
5;3;1;MAS EMPLEOS DISPONIBLES;4;2;1;650000;2;2;28;1;1;3;1;3;3753192;1;4
4;2;1;AMPLIAR EL SISTEMA EMPRESARIAL FORMACION DE NUEVAS EMPRESAS;4;2;1;644332;2;2;5;3;2;2;1;4;3753200;1;1
6;2;1;QUE HUBIERAN MAS TRABAJOS DISPONIBLES EN LA CIUDAD;3;2;1;400000;1;2;7;3;2;2;1;3;3753231;1;3
5;2;1;MAYORES OFERTAS DE EMPLEO;4;1;1;600000;2;2;10;2;1;2;2;3;3753233;1;2
1;2;2;;2;2;1;644123;2;2;1;1;2;1;1;4;3753235;1;3
6;2;1;MAS OPORTUNIDAD EN EMPRESASA PARA JOVENES SIN EXPERIENCIA;3;1;1;800000;2;2;1;1;2;3;1;4;3753238;1;3
5;2;1;GENERAR MAS PUESTOS DE TRABAJO;6;2;1;644350;2;2;12;10;2;2;1;4;3753330;1;3
5;2;1;POLITICAS DE TRABAJO;4;1;1;1600000;2;2;2;1;2;4;1;4;3753345;1;2
5;2;1;MAS OPORTUNIDADES SIN MUCHA EXIGENCIA EN EXPERIENCIA Y MAS CAPACITACIONES LABORALES;2;1;1;680000;2;2;80;5;1;3;1;3;3753347;1;3
3;2;2;;3;1;1;1000000;2;2;2;1;1;3;1;3;3753413;1;4
6;2;1;Insectivando a las empresas del estado a crear mas empleo y mejorar universidades estatal a crear mas trabajo;4;1;1;1200000;2;2;60;1;2;3;1;2;3753751;1;3
2;2;1;TENER EN CUENTA LAS NECESIDADES DE LAS PERSONAS PARA AYUDARLAS A CONSEGUIR TRABAJO;4;2;1;644350;1;2;20;4;1;3;2;3;3753810;1;2
5;3;2;;2;1;1;644350;2;2;2;2;2;1;2;1;3753823;1;1
5;2;1;Mejorar la comunicacion en ofertas de empleo;7;2;1;644350;2;2;50;10;2;3;1;2;3753859;1;2
6;2;2;;3;2;1;650000;2;2;3;2;1;3;1;3;3753871;1;3
3;2;1;QUE LE DEN OPORTUNIDAD ALAS PERSONAS QUE NO TIENEN EXPERIENCIA;6;2;1;650000;2;2;1;1;2;3;1;5;3753892;1;4
5;2;1;FACILITAR EL PROCESO DE LA LIBRETA MILITAR EN LOS HOMBRES;4;2;1;646000;1;2;6;6;1;10;1;2;3753907;1;6
5;2;2;;5;2;1;646000;2;2;1;1;2;2;2;2;3753910;1;2
6;2;1;PROYECTOS DONDE LOS ESTUDIANTES  LOS QUE ACABAN DE SALIR DE ESTUDIAR SEAN RECIBIDOS SIN EXPERIENCIA O QUE HAYA EMPRESAS CON HORARIO MAS FLEXIBLES PARA TRABAJAR Y ESTUDIAR AL MISMO TIEMPO;5;2;1;400000;1;2;30;2;2;10;1;3;3753915;1;1
6;2;1;Capacitar a jovenes;3;1;1;200000;2;2;2;1;1;5;1;3;3753945;1;4
5;2;1;PEDIR MENOS EXPERIENCIA LABORAL;3;2;1;800000;2;1;3;1;1;3;1;7;3753990;1;9
5;3;2;;4;2;1;652000;1;2;12;5;1;3;1;3;3753995;2;2
1;2;2;;5;2;1;500000;2;2;100;1;1;5;2;1;3754012;1;2
3;2;1;BRINDANDO MAYORES OPRTUNIDADES DE TRABAJO;3;1;1;644000;2;2;1;1;2;3;2;1;3754035;1;2
3;2;1;NO SABE DECIR;4;2;1;300000;2;2;1;1;1;9;2;1;3754046;1;6
5;2;1;CREANDO NUEVOS PUESTOS DE TRABAJO DONDE EXIGAN EXPERIENCIA LABORAL INFERIOR A LO QUE PIDEN NORMALMENTE TODAS LAS EMPRESAS;2;2;1;644350;2;2;2;1;2;2;1;2;3754169;1;7
2;3;2;;4;2;1;644350;1;2;50;3;2;3;1;3;3754188;1;1
4;1;1;GENERANDO PROYECTOS LABORALES PARA GENERAR CREACION DE MICROEMPRESAS;2;2;1;644350;2;2;5;1;1;3;1;2;3754573;1;3
2;2;1;GENERANDO MAS EMPLEO;6;1;1;300000;2;2;3;1;1;3;1;3;3754576;1;3
1;2;1;IMPLEMENTAR MAS INSTITUCIONES QUE OFERTEN EMPLEO;5;2;1;400000;2;2;4;1;1;4;1;4;3754661;1;2
5;3;1;LOS EMPLEOS QUE SE OFERTEN DEBEN OCUPAR A LAS PERSONAS DE LA MISMA CIUDAD Y NO TRABAJADORES DE OTROS MUNICIPIOS;3;1;1;600000;2;2;40;3;1;2;1;3;3754676;1;5
4;2;1;AUMENTAR EL NUMERO DE APRENDICES SENA EN LAS EMPRESAS;2;1;1;644000;2;2;2;1;2;5;1;3;3754682;1;3
3;2;1;Contactar a los jovenes q estan sin empleo y q sea acorde a su profesion;7;2;1;642000;1;2;100;1;1;10;1;4;3754870;1;6
5;2;1;Incentivando a las empresas recien egresado;2;2;1;700000;1;2;50;3;1;3;1;2;3754914;1;3
3;2;1;Disminuir el tiempo de jubilacion;2;1;1;800000;2;2;30;1;1;3;1;3;3754914;1;6
3;2;1;Crear mas empresas y aumentar el salario minimo;4;2;1;642000;2;2;5;1;1;2;1;2;3754930;1;2
4;2;1;Abrir mas vacantes y dar mas oportunidad a los que no tienen experiencia;7;1;1;640000;1;2;20;5;2;3;1;4;3755013;1;3
6;2;1;GENERAR MAS EMPLEO;7;2;1;650000;2;2;20;1;2;4;1;2;3755023;1;3
3;2;1;Ayudando a la gente a buscar trabajo;1;2;1;600;2;2;1;1;2;1;1;3;3755065;1;4
5;2;1;Facilitar las cisas pata trbahat;2;2;1;650000;2;2;15;4;1;3;1;2;3755092;1;2
3;2;1;Generar mas oportunidades para los que tienen pica experiencia;5;2;1;400000;2;2;5;2;1;3;1;3;3755101;1;3
5;2;1;QUE LE DEN MAYORES OPORTUNIDADES A LAS PERSONAS QUE NO TIENEN EXPERIENCIA LABORAL;5;2;1;640000;2;2;30;1;2;3;1;2;3755457;2;2
3;2;1;GENERAR MAS EMPLEO;4;1;1;900000;1;2;6;3;1;2;1;2;3755458;1;1
3;2;1;NO HAYA MAYOR EXIGENCIA EN LA EXPERIENCIA LABORAL;4;2;1;650000;2;1;25;1;2;3;2;3;3755464;1;6
5;2;1;A QUE LOS JOVENES LES DEN PORTUNIDADES DE EMPLEO SIN EXPERIENCIA LABORAL;3;2;1;300000;2;2;7;3;1;3;2;5;3755641;1;3
1;2;2;;6;2;1;500000;2;2;3;1;2;3;2;3;3755689;1;3
6;2;1;MAS ESTUDIO GRATUITO;4;1;1;200000;2;2;2;1;1;10;1;3;3755697;1;3
3;2;1;MAS OFERTAS LABORALES;4;2;1;400000;2;2;1;1;1;5;2;2;3755704;1;4
3;2;1;CAPACITAR NO PEDIR EXPWRINCIA;5;2;1;640000;2;2;300;5;1;3;1;2;3755730;1;2
4;3;1;HACER MAS OFERTAS DE EMPLEO;3;2;1;534000;2;2;12;1;2;3;1;3;3755740;1;5
3;2;1;BRINDADO CAPACITACIONES DANDO ORIENTACION COMO PRESENTAR HOJAS DE VIDA;2;1;1;644000;2;2;5;1;2;10;2;2;3755787;1;2
3;2;1;ABRIENDO NUEVAS AGENCIAS DE EMPLEO;2;2;1;100000;2;2;4;1;2;3;1;3;3755788;1;5
5;2;1;FOMENTAR MAS FUENTE DE EMPLEOS;4;1;1;645000;2;2;1;1;1;3;1;4;3755806;1;5
2;2;2;;4;2;1;200000;2;2;2;1;1;2;1;4;3755868;1;5
5;2;1;AYUDAR CON LAS PRACTICAS PARA PODER TRABAJAR;2;2;1;644000;2;2;7;13;1;3;1;3;3755924;1;4
5;2;1;OBLIGAR A LAS EMPRESAS A ESCOGER PERSONAL SIN EXPERIENCIA;4;1;1;600000;2;2;5;5;2;4;1;2;3755949;1;3
3;2;1;Ofrecer  mas empleos a jovenes;2;2;1;150000;2;2;2;1;1;3;1;2;3755957;1;1
1;2;1;Que abran empresas ara generar mas empleo;2;2;1;10000;2;2;1;1;2;1;1;2;3756009;1;10
5;2;1;DAR OPORTUNIDAD A LOS JOVENES PARA ADQUIRIR EXPERIENCIA LABORAL;4;2;1;645000;2;2;10;3;1;3;1;4;3756021;1;5
3;3;1;APOYAR LA PARTE TECNOLOGICA PARA ABRIR NUEVOS EMPLEOS;7;2;1;450000;2;2;10;4;1;4;1;2;3756036;1;3
5;2;1;MAS OPORTUNIDADES DE ESTUDIO Y TRABAJO PARA JOVENES SIN EXPERIENCIA;4;2;1;500000;1;2;3;1;1;2;1;3;3756048;1;3
6;2;1;CREAR FUENTE DE EMPLEO;7;2;1;550000;2;2;1;1;2;4;1;4;3756087;1;4
2;3;1;GENERAR EMPLEOS CON BUEN SALARIO;1;1;1;650000;2;2;2;2;1;7;1;4;3756092;1;3
1;3;1;MEJORAR POLITICA SOBRE SITUACION MILITAR;1;1;1;644122;2;2;1;1;2;2;1;4;3756092;1;4
2;2;2;;2;2;1;644123;2;2;1;1;2;1;1;4;3756094;1;5
5;2;1;ARMAR MICROEMPRESA QUE VAYAN CON LA NECESIDAD DEL COLOMBIANO;3;2;1;700000;2;2;20;2;1;3;1;4;3756095;1;3
1;2;1;MAS INFORMACION SOBRE CONVOCATORIA DE EMPLEO;5;2;1;644000;2;2;1;1;1;3;1;3;3756110;1;2
3;3;1;CREACION DE EMPRESAS;4;1;1;600000;2;1;1;1;1;2;1;2;3756153;1;1
5;2;1;PERMITIR LA INVERSION DE EMPRESARIOS;5;2;1;650000;2;2;20;20;1;7;1;3;3756178;1;1
5;2;1;CREACION DE EMPRESAS;4;2;1;650000;2;2;50;2;2;4;1;3;3756178;1;2
5;1;1;QUE DEBEN IMPLEMENTAR MAS PLANES DEVIVIENDA;1;1;1;1200000;2;2;1;1;2;5;1;3;3756499;1;4
3;3;1;DEJARSE DE ROBAR LA PLATA;7;2;1;644350;2;2;10;8;1;10;2;3;3756500;1;1
3;2;1;RECIBIR EMPLEADOS SIN EXPERIENCIA;4;2;1;700000;2;2;20;1;1;3;1;3;3756507;1;2
5;2;1;MEJOR CALIDAD EN LA PAGINA DE EMPLEO;2;1;1;800000;1;2;15;2;1;4;1;3;3756527;1;2
4;2;1;SUBSIDIO AL DESEMPLEO;1;1;1;1200000;2;2;1;1;1;2;1;2;3756533;1;2
5;3;1;QUE LA EXPERIENCIA NO FUERA REQUISITO;7;2;1;800000;2;2;100;5;1;3;2;7;3756544;1;3
6;2;1;LA BUENA REMUNERAXION A LOS EGRESADOS MAS FERIAS DE EMPLEO Y EMPRESAS;3;1;1;1000000;2;2;10;5;2;3;1;3;3756550;1;4
3;2;1;MAS OFERTA DE EMPLEO MAS AYUDA;3;2;1;644350;2;2;7;7;1;2;1;5;3756563;1;2
3;3;2;;2;1;1;644350;2;2;20;5;2;7;1;7;3756596;1;1
3;2;2;;1;2;1;645000;2;2;2;3;2;10;1;3;3756626;1;2
1;1;2;;3;1;1;644350;2;2;7;1;1;3;1;3;3756640;1;3
5;3;1;PREPARACION PARA EJERCER EL OFICIO;2;2;1;644350;2;2;3;1;1;3;1;3;3756647;1;3
3;2;1;CONVENIOS CON EL SECTOR PRIVADO;3;2;1;700000;1;2;4;4;1;3;1;3;3756735;1;2
5;1;1;MAS AYUDA Y CREACION DE JOVENES SIN EXPERIENCIA;6;1;1;600000;2;2;2;3;2;3;1;2;3756820;1;2
1;2;1;Capacitar a jovenes;3;2;1;644350;2;2;4;1;2;5;1;1;3756885;1;6
3;2;1;PLANES DE OFERTAS LABORALES;3;2;1;644000;2;2;2;1;2;3;2;3;3757106;1;3
5;3;1;MAS EMPLEO SIN TANTOS REQUISITOS YA QUE SI SE BUSCA TRABAJO ES POR NECESIDAD ECONOMICA O POR OCUPAR EL TIEMPO EN ALGO O PARA ADQUIRIR EXPERIENCIA SI  NO HAY OPORTUNIDAD COMO SE LLEGA A TENER EXPERIENCIA;4;1;1;634000;2;2;60;5;1;3;1;3;3757122;1;1
3;2;1;FOMENTO DE MICROEMPRESAS;5;2;1;300000;2;1;1;1;1;2;1;4;3757187;1;3
5;2;2;;4;1;1;644350;2;2;10;5;1;3;1;3;3757260;1;2
5;2;1;CREAR PROGRAMAS DE EMPLEO PARA RECIEN GRADUADOS;3;2;1;644350;2;2;2;1;1;3;1;4;3757272;1;3
1;2;1;BRINDANDO MAYORES OPORTUNIADES A LOS JOVENES;4;2;1;400000;2;2;1;1;1;2;2;1;3757339;1;1
3;3;1;DAR MAS OPORTUNIDADES A LOS JOVENES SIN EXPERENCIA;3;1;1;250000;2;2;1;1;1;2;2;3;3757543;1;3
5;2;1;DARLE PRIORIDAD  A LAS PERSONAS QUE EN REALIDAD LO NECESITAN Y NO POR LA PALANCA;2;2;1;700000;2;2;1;1;1;6;1;3;3757594;1;2
3;2;1;MAYORES OFERTAS DE EMPLEO;6;2;1;400000;2;2;8;2;1;4;1;1;3757632;1;2
3;2;1;MAS OFERTAS DE TRABAJO;4;1;1;200000;1;2;1;1;2;3;1;3;3757636;1;6
5;2;1;ABRIR MAYORES VACANTES DE EMPLEO POR MERITOCRACIA;3;2;1;644000;2;2;4;1;2;3;1;4;3758033;1;2
3;2;1;QUE HAYAN MAS CONVOCATORIAS DE EMPLEO;2;2;1;600000;1;2;1;2;2;4;1;2;3758115;1;5
3;2;1;GENERAR MAS EMPRESAS Y MICROEMPRESAS PARA GENERAR EMPLEO;2;2;1;300000;2;2;1;1;1;3;1;3;3758144;1;3
3;1;1;DAR OPORTUNIDAD A JOVENES SIN EXPERIENCIA EN LA PARTE LABORAL;4;1;1;200000;2;1;1;1;1;5;1;2;3758170;1;3
5;2;1;MAS OFERTAS LABORALES;4;1;1;644350;2;2;20;3;1;3;1;3;3758199;1;1
6;2;1;INCENTIVAR A LAS EMPRESAS PARA QUE LE DEN MAYOR OPORTUNIDAD DE TRABAJO A LOS JOVENES SIN EXPERIENCIA;3;1;1;644350;2;2;4;1;2;3;1;3;3758221;1;2
5;2;1;GENERAR MAS EMPLEO SIN TENER COMO REQUISITO LA EXPERIENCIA LABORAL;3;1;1;750000;2;2;16;2;1;7;1;3;3758230;1;1
5;2;1;DAR MAS OPORTUNIDAD A JOVENES SIN ESPERIENCIA;2;2;1;644350;1;2;3;1;1;3;1;4;3758776;1;4
6;2;2;;2;1;1;646000;2;2;1;1;2;7;1;4;3758805;1;4
6;2;1;MAS OFERTAS LABORALES SIN EXIGENCIA DE EXPERIENCIA;5;2;1;644000;2;2;6;2;2;3;2;4;3758829;1;2
6;2;1;CREAR MAS EMPRESAS QUE DEN OPORTUNIDAD A JOVENES PRIMER EMPLEO;2;2;1;600000;2;2;3;3;2;3;1;3;3758848;1;3
5;2;1;QUE HAYA MAS OPORTUNIDADES AL PRIMER  EMPLEO;4;1;1;600000;2;2;7;7;1;7;1;3;3758853;1;2
5;2;1;QUE HAYA MAS OPORTUNIDADES DE EMPLEO PARA LOS MENORES DE EDAD;6;2;1;500000;2;2;3;2;1;5;1;3;3758877;1;3
3;2;2;;2;2;1;600000;2;2;5;1;2;2;1;1;3758899;1;1
5;2;1;DARLE MAS OPORTUNIDADES ALOS JOVENES PRIMER EMPLEO;3;2;1;350000;2;2;3;3;2;5;2;3;3758900;1;4
4;2;1;USANDO INFORMACION ESTADISTICA PARA CREAR UNA BOLSA DE EMPLEO;2;2;1;680000;1;2;4;2;1;1;1;3;3758907;1;2
2;2;1;FACILITAR TRAMITE DE LIBRETA MILITAR;5;2;1;644350;2;2;5;2;2;10;1;2;3758935;1;5
3;2;1;CREANDO EMPRESAS PARA CREAR MAS EMPLEOS;7;1;1;644500;2;2;2;3;1;2;1;2;3758975;1;2
6;2;1;Mas trabajos de medio tiempo;4;1;1;500000;2;2;100;2;2;10;1;3;3759176;1;7
2;2;1;GENERACION DE MAS PUESTOS DE TRABAJO PARA JOVENES SIN EXPERIENCIA LABORAL;3;1;1;644000;2;2;1;1;2;8;1;4;3759180;1;3
2;2;1;OFRECIENDO MAS EMPLEO;3;1;1;644000;2;2;20;4;1;3;1;4;3759219;1;3
3;2;1;no Exigir titulos de carrera;6;2;1;550000;2;2;5;2;1;4;1;2;3759294;1;2
5;2;1;DESARROLAR MAS FUENTES DE EMPLEO PARA JOVENES SIN EXPERIENCIA;3;2;1;750000;2;2;3;1;1;2;2;2;3759313;1;5
4;3;1;MAYOR INFORMACION SOBRE VACANTES MAS CONCURSOS;2;1;1;1000000;2;2;6;2;1;3;1;4;3759330;1;3
3;2;2;;7;1;1;644350;2;2;1;1;2;3;1;1;3759332;1;2
5;3;2;;2;2;1;700000;2;2;2;1;1;2;1;2;3759334;1;2
5;2;1;QUITAR TANTO REQUISITO;3;1;1;1000000;2;2;2;2;1;2;1;5;3759336;1;5
6;2;2;;3;2;1;670000;2;2;20;10;2;7;1;3;3759378;1;5
5;3;2;;2;1;1;500000;2;2;1;1;2;4;1;2;3759626;1;1
5;3;1;BOLSAS DE EMPLEO;3;1;1;500000;2;2;5;2;1;2;2;4;3759679;1;3
5;2;1;CONVOCATORIAS UNICAMENTE PARA JOVENES DAR A CONOCER E INFORMACION DETALLADA PARA JOVENES;5;1;1;700000;1;2;50;5;1;3;1;4;3759796;1;3
6;2;1;TRABAJO DE MEDIO TIEMPO PARA ESTUDIANTES;3;2;1;500000;2;2;2;1;2;10;1;3;3759799;1;4
3;2;1;DAR OPORTUNIDAD DE TRABAJO A LAS PERSONAS QUE NO SON BACHILLERES;4;1;1;644350;2;2;5;1;1;2;1;2;3759815;1;2
5;3;1;SACAR A LOS PENSIONADOS QUE SIGUEN TRABAJANDO;3;2;1;644350;2;2;4;1;2;4;1;3;3759820;1;1
5;2;1;EXCLUIR PERSONAL PENSIONADO;6;2;1;644350;2;2;10;10;1;3;1;3;3759820;1;2
5;2;1;CREAR POLITICAS DE EMPLEO MAS DIRECTO;4;1;1;1000000;2;2;90;1;2;4;1;3;3759825;1;3
3;2;1;CONVOCATORIAS DE EMPLEOS;4;2;1;800000;1;2;4;2;2;3;1;2;3759831;1;2
5;2;1;FACILITAR EL PRIMER EMPLEO;3;2;1;600000;2;2;3;1;2;5;2;2;3759859;1;3
5;2;1;CREAR MEJORES POLITICAS DE EMPLEO;2;2;1;700000;2;2;5;1;2;4;1;3;3759874;1;3
5;2;2;;3;2;1;600000;2;2;1;1;1;3;1;2;3759876;1;3
5;3;2;;2;1;1;700000;2;2;2;2;1;4;1;3;3759904;1;4
5;2;1;CREAR MAS Y MEJORES POLITICAS DE EMPLEO;4;2;1;1000000;2;2;30;6;2;4;1;7;3759916;1;3
5;2;1;FACILIDAD PARA ACCEDER A UN EMPLEO A PERSONAS CON BAJO NIVEL DE ESTUDIO;4;2;1;600000;2;2;8;2;2;2;2;2;3759919;1;5
5;2;1;UNA CARACTERIZACION;3;2;1;644350;2;2;2;1;2;10;1;3;3759939;1;2
3;2;2;;4;2;1;450000;1;2;1;1;2;5;1;5;3759945;1;4
1;2;1;INVERSIONES EN OPORTUNIDADES DE TRABAJO;4;2;1;644350;2;2;6;1;2;4;1;3;3759951;1;3
5;2;2;;3;2;1;800000;2;2;2;99;1;4;1;4;3759969;1;4
6;3;1;CREAR MAS EMPRESAS EN EL SECTOR;5;2;1;400000;2;2;10;1;1;2;1;6;3760033;1;3
5;3;1;GENERAR EMPLEOS SIN EXPERIENCIA;3;2;1;650000;2;1;13;3;2;3;1;3;3760058;1;3
6;2;1;MAYOR CONVOCATORIA;6;1;1;650000;2;2;4;1;1;4;1;2;3760063;1;2
5;2;1;SACAR VACANTES;3;1;1;500000;2;2;3;2;1;8;2;4;3760115;1;3
6;1;1;DANDO MAS OPORTYNIDADES LABORALES A LOS JOVENES;5;1;1;1350000;2;2;2;2;1;4;1;3;3760139;1;3
6;2;1;TENER EN CUENTA A PERSONAS SIN EXPERIENCIA;2;2;1;650000;2;2;1;1;2;3;1;3;3760154;1;2
3;2;1;ABRAN MAS CONVOCATORIAS DE EMPLEO;5;2;1;300000;2;2;1;1;2;3;1;2;3760177;1;3
1;1;1;QUE EN LAS EMPRESAS NO EXIJAN EXPERIENCIA LABORAL;2;2;1;500000;2;2;1;1;1;3;1;4;3760207;1;3
6;2;1;GENERAR MAS PROYECTOS LABORALES;4;1;1;644350;2;2;1;1;2;2;1;4;3760207;1;4
3;2;2;;3;1;1;400000;2;2;2;2;1;2;2;3;3760217;1;3
5;2;2;;3;2;1;300000;2;2;12;2;1;4;1;3;3760243;2;1
3;2;1;EXIGIR MENOS EXPERIENCIA LABORAL;3;1;1;644350;2;2;3;1;1;3;1;4;3760253;2;3
5;3;1;GENERAR MAS EMPRESAS QUE EMPLEEN JOVENES Y DAR SUBSIDIOS A LOS DESEMPLEADOS;3;2;1;644000;2;2;17;3;1;6;1;2;3760256;1;3
5;2;1;MAYORES OFERTAS DE EMPLEO Y GARANTIAS EN LOS EMPLEOS OFERTADOS;3;1;1;644000;1;2;20;1;1;6;1;3;3760262;2;2
6;2;1;HERRAMIENTAS TECNOLOGICAS MAS AVANZADAS;5;1;1;2000000;2;2;300;2;2;7;1;3;3760745;1;3
3;2;1;TENER MAS VACANTES DISPONIBLES Y NO EXIGIR TANTA EXPERIENCIA LABORAL;3;2;1;644000;2;2;20;1;2;4;1;2;3760748;1;2
5;2;1;DAR OPORTUNIDAD A LOS JOVENES SIN EXPERIENCIA LABORAL;5;1;1;500000;1;2;18;1;2;3;1;2;3760758;1;2
4;2;1;CONVENIOS CON EMPRESA PARA CONTRATAR GENTE JOVEN;4;2;1;500000;2;2;4;2;1;3;2;2;3760778;1;4
5;2;1;QUE LE DEN MAS OPORTUNIDADES A LOS JOVENES;4;1;1;634350;2;2;50;2;1;2;1;4;3760792;1;3
1;3;1;NO EXIGIR TANTA EXPERIENCIA LABORAL Y CAPACITAR MAS A LOS JOVENES;3;2;1;644000;2;2;1;1;1;2;1;2;3760803;1;1
3;2;1;CAPACITACIONES EDUCATIVAS;2;2;1;600000;2;2;15;2;2;3;1;3;3760832;1;2
6;2;1;Capacitaciones cortas que permitan el ingreso inmediato al mercado laboral;5;1;1;600000;2;2;25;2;1;3;1;3;3760992;1;2
4;2;2;;7;2;1;650000;2;2;5;1;2;4;1;2;3761005;1;2
3;2;2;;3;2;1;650000;2;1;2;1;1;4;1;3;3761014;1;2
3;2;1;Que salgan mas empleo para los desempleados;4;2;1;700000;2;2;2;1;2;4;1;3;3761019;1;3
5;2;1;Facilitar en la experiencia;3;2;1;644000;2;2;5;99;1;3;1;3;3761051;1;3
5;2;2;;4;2;1;1000000;2;1;15;4;1;3;1;3;3761054;1;1
3;2;1;Facilitar mas educacion a los jovenes y que no exijan mucha experiencia para consequir un empleo;4;2;1;400000;2;2;5;1;1;3;1;3;3761068;1;6
6;2;1;Mayor inversion en lo social para oportunidades no solo de jovenes sino de personas mayores;3;1;1;900000;2;2;600;3;2;3;1;2;3761080;1;3
2;2;1;Mas vacantes;7;1;1;100000;2;2;3;1;2;10;1;3;3761114;1;5
4;2;1;Que exijan menos requisitos para que los jovenes ingresen al mercado laboral;6;2;1;642000;2;1;2;1;1;2;1;2;3761114;1;9
3;2;2;;5;2;1;650000;2;1;2;1;1;3;2;3;3761117;1;2
3;2;2;;5;1;1;680000;2;2;100;10;2;3;2;3;3761122;1;2
3;2;1;Generacion de empleo a personas vulnerables;7;2;1;400000;2;2;9;1;2;2;2;2;3761144;1;3
2;2;2;;4;1;1;500000;2;2;12;99;1;3;1;7;3761171;1;4
5;2;1;HACIENDO CONVOVATORIAS DE EMPLEO;3;2;1;650000;2;2;2;2;1;4;1;2;3761191;1;3
3;3;1;GENERAR MAS EMPLEO PARA LOS JOVENES;3;1;1;1500000;2;2;2;2;1;3;1;3;3761208;1;4
3;2;1;GENERAR MAS EMPLEO A JOVENES;5;2;1;200000;2;2;4;2;1;9;1;2;3761216;1;6
5;3;1;QUE NO EXIJAN EXPERIENCIA LABORAL EN LAS EMPRESAS;6;2;1;600000;2;2;5;3;1;3;1;3;3761238;1;4
5;2;1;MEJORES OFERTAS DE EMPLEO;4;2;1;700000;2;2;3;1;1;2;2;1;3761254;1;3
5;2;1;MENOS IMPUESTOS A LOS EMPLEADORES;4;1;1;644350;2;2;20;8;1;4;1;3;3761260;1;3
5;3;2;;1;1;1;750000;2;2;20;7;1;7;1;3;3761268;1;5
3;2;1;CREAR MAS EMPRESA Y BRINDAR OPORTUNIDADES A LAS PERSONAS SIN EXPERIENCIA;6;2;1;600000;2;2;99;99;1;7;1;4;3761308;1;1
6;2;1;AYUDAR A LOS JOVENES A CONSEGUIR EMPLEO;6;2;1;650000;2;2;1;1;1;3;1;3;3761323;1;3
6;2;1;Brindando oportunidades a los estudiantes sin experiencia;2;2;1;500000;2;2;1;1;2;3;1;6;3761329;1;4
6;2;1;DANDOLES OPORTUNIDAD DE MONTAR UN NEGOCIO;1;1;1;10000;2;1;5;6;1;2;1;2;3761349;1;2
3;2;2;;3;2;1;400000;2;2;1;1;2;10;1;1;3761901;1;2
1;1;1;Capacitaciones;3;1;1;644350;2;2;1;1;2;10;1;4;3761904;1;4
3;2;1;DISCRIMINACION POR LOS JOVENES REDUCIR;4;1;1;300000;2;2;5;3;2;3;1;3;3762136;1;2
6;3;1;BRINDAR CAPACITACIONES A JOVENES QUE POR SER MENORES NO PUEDEN TRABAJAR ENTONCES SE DEDICAN A MENDIGAR;2;1;1;643300;2;2;1;1;2;5;1;3;3762224;1;2
6;1;1;AMPLIAR LOS MEDIOS DE INFORMACION PARA QUE LA POBLACION SE ENTERE DE LAS OFERTAS QUE EXISTEN;1;2;1;643000;2;2;2;1;1;5;1;4;3762655;1;6
5;2;1;MAS DISPONIBILIDAD DE EMPLEOS;3;1;1;644000;2;2;10;8;1;3;1;3;3762657;1;3
5;2;1;LAS INSTITUCIONES EDUCATIVAS DONDE SALEN EGRESADOS LOS ESTUDIANTES DEBEN OFERTAR EMPLEOS Y AYUDAR A UBICAR EN UN PUESTO LABORAL  A SUS ESTUDIANTES;6;1;1;644000;2;2;9;3;2;4;1;2;3762668;1;1
1;2;1;BRINDAR OPORTUNIDADES A JOVENES RECIEN GRADUADOS;2;2;1;644350;2;2;9;9;1;3;1;3;3763227;1;3
5;2;2;;1;2;1;644350;2;2;4;3;1;3;1;1;3763230;1;2
4;2;1;Crear nuevas fuentes de empleo;5;1;1;700000;2;2;10;6;1;10;2;3;3763250;1;4
3;2;1;MENOS EXPERIENCIA EXIGIDAS POR LAS EMPRESAS;2;2;1;634350;2;2;10;1;2;3;1;3;3763763;1;5
3;2;1;MAS PUESTOS DISPONIBLES;6;2;1;650000;1;1;5;3;1;4;1;2;3763808;1;2
3;2;1;MAS CONVOCATORIAS;4;2;1;500000;2;2;1;1;1;2;1;2;3763819;1;2
5;3;1;HABER MAS COBERTURA LABORAL;2;2;1;600000;2;2;1;1;1;2;1;2;3763916;2;1
5;2;2;;3;2;1;750000;2;2;2;1;1;4;1;3;3763975;1;3
5;3;2;;2;2;1;600000;2;2;3;1;2;3;1;3;3764056;1;2
5;2;2;;4;2;1;644350;2;2;10;6;2;3;1;3;3764059;1;2
5;4;1;PROMOCIONANDO A LOS JOVENES PARA QUE ESTUDIEN MAS Y LAS EMPRESAS LOS OCUPEN CON MAYOR FACILIDAD;3;2;1;645000;2;1;1;1;1;2;1;2;3764067;1;3
1;2;2;;4;2;1;644350;2;2;10;4;1;3;1;4;3764650;1;4
5;2;1;Ofertas laborales y publicacion x medios;3;2;1;644350;2;2;50;10;1;3;1;3;3765487;1;3
5;2;1;Mas informacion sobre ofertas de empleo;3;1;1;400000;2;2;10;5;1;3;1;2;3765487;1;6
6;2;1;DAR MAS OPORTUNIFADES  DR EMPLEO ALOS QUE NO TIENEN EXPERIENCIA;2;2;1;350000;2;2;2;1;1;3;1;3;3765502;1;2
5;2;1;POR MEDIOS DE COMUNICACION INFORMAR CONVOCATORIAS;3;2;1;300000;2;2;4;4;1;10;1;2;3765587;1;1
6;2;1;DAR OPORTUNIDAD AL PRIMER EMPLEO;3;2;1;6500000;1;2;10;1;1;3;1;2;3765641;1;3
5;2;1;GENERAR MAS PUESTOS TRABJO;4;2;1;652000;2;2;12;1;1;4;1;3;3765855;1;2
6;2;2;;2;2;1;800000;2;2;30;2;1;2;1;3;3765859;1;1
5;2;1;GENERAR MAYORES EMPLEOS;5;2;1;652000;1;2;630;1;1;4;1;3;3765870;1;3
3;2;1;QUE HABRAN MAS CONVOCATORIAS EN EL SECTOR PUBLICO;5;1;1;645000;2;2;1;1;2;3;1;4;3765897;1;3
4;1;1;CONVOCATORIAS PUBLICAS;3;2;1;600000;2;2;1;1;2;5;1;3;3765899;1;9
4;2;1;RENOVACION DE PERSONAL Y DAR OPORTUNIDAD A JOVENES;4;2;1;650000;2;2;2;1;1;4;1;4;3765911;1;4
1;2;1;PROMOVER PARA QUE TODOS LOS COLEGIOS IMPLEMENTEN CURSOS TECNOLOGICO;4;2;1;644350;2;1;4;2;2;3;2;3;3765938;1;2
3;1;1;Creando mas empleos;2;1;1;500000;2;2;2;1;2;3;1;3;3766145;1;3
5;2;1;QUE HAGAN MAS CONVOCATORIAS VIRTUALES;4;2;1;650000;1;1;6;4;1;4;1;2;3766153;1;5
1;2;1;Abriendo convocatoria para los estudiantes;5;2;1;500000;2;2;5;99;1;3;1;2;3766154;1;4
3;2;1;Ofrecer  empleos a petsonas sin experiencia;3;2;1;200000;2;2;4;2;2;10;1;2;3766183;1;4
5;3;1;HACER  MAS FUENTES DE EMPLEO;7;1;1;600000;2;2;1;1;1;4;1;2;3766199;1;4
5;2;1;FACILITAR LOS REQUISITOS PARA EMPEZAR A TRABAJAR;3;2;1;600000;2;2;4;1;1;3;1;2;3766214;1;3
5;2;1;Brindar mas oportunidades para aquellos que no tienen esperiencia;5;2;1;500000;1;2;10;3;2;3;1;3;3766261;1;2
3;2;1;CREAR MAS EMPRESA;2;2;1;644000;2;2;2;1;2;3;1;3;3766572;1;5
1;2;1;CREAR MAS FUENTE DE EMPLEO;4;2;1;300000;2;2;1;1;2;2;2;3;3766624;1;2
5;3;1;CREAR MAS EMPRESAS;3;2;1;650000;2;2;1;1;2;4;2;3;3766627;1;3
3;3;1;CREAR FUENTE DE EMPLEO;3;2;1;400000;2;2;1;1;2;3;2;2;3766627;1;4
1;2;1;CONVOCATORIAS SEGUIDAS PARA CAPACITAR;5;2;1;200000;2;2;1;1;1;1;1;2;3766697;1;4
6;2;1;CREANDO FUENTES DE EMPLEO;4;2;1;645000;2;2;3;3;1;3;1;3;3766729;1;2
6;2;1;PROMOVER EL DESARROLLO ECONOMICO;4;2;1;644450;1;1;10;1;1;3;1;3;3766730;1;3
1;2;1;HACER CAPANAS DE EMPLEO MAS EMPRESAS GOBURNAMENTALES PARA CUBRIRLAS BACANTES PUES TODAS LAS EMPRESAS PIDEN MINIMO UN ANO DE EXPERIENCIA Y EL JOVEN SALE DE ESTUDIAR SIN ESPERIENCIA MOTIVO POR EL CUAL HAY TANTO JOVEN DESEMPLEADO Y SIN EXPERINCIA;4;2;1;644000;2;2;4;1;2;3;1;3;3766945;1;3
3;1;1;Implementar mas agencias de empleo y un mejor salario;3;2;1;300000;2;2;20;7;1;3;1;3;3767323;1;4
3;2;1;Que se exija menos experiencia para ingresar en el mercado laboral;5;2;1;500000;2;2;1;1;2;3;1;4;3767367;1;2
3;3;2;;3;2;1;643300;1;2;4;1;2;4;1;2;3767368;1;3
4;2;2;;2;2;1;800000;2;1;1;1;1;4;2;3;3767389;1;3
3;2;1;Que las empresas abran mas vacantes y exijan menos requisitos;5;1;1;300000;2;2;7;1;2;10;1;3;3767421;1;3
3;2;1;Abrir convocatorias de empleos;2;2;1;700000;2;2;15;1;2;4;1;4;3767427;1;4
5;2;1;FACILITAR EL INGRESO DUSMINUYENDO LOS REQUISITOS DE EXPERIENCIA LABORAL;7;2;1;700000;2;2;3;1;2;3;1;2;3767445;1;1
3;2;1;Generar mas fuentes de empleo;4;2;1;642000;2;2;3;1;2;4;1;3;3767463;1;1
5;2;1;NO EXIGIR LA EXPERIENCIA LABORAL A LOS JOVENES QUE APENAS TERMINAN DE ESTUDIAR;6;2;1;643000;1;2;50;15;1;3;1;3;3768061;1;4
5;2;2;;6;1;1;644350;2;2;5;5;2;2;1;3;3768296;1;2
5;2;1;DEJAR DE PEDIR TANTOS REQUISITOS PARA TENER UN EMPLEO DIGNO MAYOR OPORTUNIDAD A LOS JOVENES SIN EXPERIENCIA;3;2;1;800000;2;2;2;1;1;2;1;2;3768319;1;3
5;2;2;;3;1;1;644350;2;2;8;2;2;2;1;2;3768339;1;4
5;2;1;SOLICITUD DE MENOS EXPERIENCIA;5;1;1;670000;2;1;70;5;2;3;1;2;3769309;1;5
1;3;1;SUBSIDIOS AL DESEMPLEO;2;1;1;160000;2;2;12;1;2;3;1;4;3769325;1;3
3;2;2;;4;2;1;644350;2;2;2;1;2;2;2;1;3769340;1;3
5;2;1;NO DISCRIMINACION;4;2;1;800000;2;2;300;50;1;3;1;4;3769376;1;2
2;3;2;;6;1;1;800000;2;2;15;1;1;10;1;3;3769385;1;3
5;2;1;MENOS REQUISITOS MENOS EXPERIENCIA;4;2;1;500000;2;2;3;3;1;3;1;3;3769395;1;2
5;2;1;CONVENIOS CON LAS EMPRESAS PARA CAPACITAR A LAS PERSONAS QUE NO TIENEN EXPERIENCIA;6;1;1;900000;1;2;50;10;1;3;1;2;3769456;1;3
5;2;2;;5;1;1;1200000;2;2;70;15;1;3;1;2;3769456;1;4
6;2;1;DAR OPCIONES DE EMPLEO EN LAS UNIVERSIDADES;3;2;1;700000;2;2;1;1;2;10;1;4;3769505;1;1
